Id,Name,Acronym,Hash,Release_Date,Country_ID
1,MEDIBASE,Medical Database for Health Information Exchange,9eaaf3dbfbd7ad661d301ff30607bf69a27496963058f91b74c25d9250ea4bc3,,107
2,GRAVITAS,"Global Repository of Advanced Vaccine Innovations, Technologies, and Strategies",999603ddadba6be222b77f33055d282bb64c8ebb067e3ab94f87a68e9001c364,,228
3,CIDA,Cancer Information and Data Archive,581aefcca816aec2c360b633e5c23bc7f13ecebe520e27b25a4f97462ffaa515,2030-06-02,22
4,BIOLOGIX,Bioinformatics Library for Integrated Omics eXchange,83b3b3b0f9befc98ef4b014911fc5ee2a4ff5e148a4eece4c390fa18766e3987,,235
5,HDDT,Human Disease Diagnostic Tool,37193154eea8ef28cd3733eacb3cf960daf20affb5006a8a6bd23665f48bef52,,197
6,CNAD,Cancer Neuroscience Advanced Database,9bd306d26fff1687bc382cc8a53655e55b64296ab9f3458dfe7a2b623c1513e3,,107
7,PSYCHO,Psychological Support Healthcare Organization,816012aca0de6bd9e66a72e2810cc7cba1e00630fd7ae6ef71de9f6140e65465,2033-06-27,60
8,GEMDB,Global Epidemiology Monitoring Database,b78e7841e2aab2bedb8b9beb5cb03d02d3ddcad91a70599851bc419df7e2bd97,2030-02-06,110
9,CAREDB,Comprehensive Advanced Research Electronic Database,bb5041d69e8144e0daf1c0d2ddcc6c373589e9e6a67431809e64758b1b067b28,2030-11-23,110
10,NEDB,Neurological and Endocrine Disease Database,cee77e7436d8fde2b16c3389f48d439371440113284878d1cfaca8954ffc2ca7,2030-05-21,182
11,MEDIUS,Medical Epidemiology Data Interchange Universal System Database,7b593fb1460657609f7e25f38d240d484f642d6470e7b3f2e9114b9c01b3382b,2034-10-18,166
12,PCDD,Patient Care Data Depository,7865481c9e7120c06d5b6bd2da0ffac5fe7552947fe522f12532b69d01262e13,2032-08-20,209
13,NNDB,Neurological Networks Data Bank,ddb2c8d805fa7543d320d1990d89d3cbbd3e9be02ac60f0eb842b6be2218300d,2035-06-24,86
14,PSYCHDAT,Psychological Disorders Data Archive,2359afb61654902bacd557fd0d008bed383c680c44126b9dfc2d5910a0598d65,,60
15,GNOSIS,"Global Neurological Observatory for Surveillance, Intelligence, and Support",4e6e46642f2c96634a0e7c32385c2feb9c4378db652e80172c7e25b29fb0f295,2035-09-04,166
16,CPRD,Clinical Practice Research Dashboard,089d5e24b2fae9a4b7b02ebe742facc1fe8aa1e8b6db866fe89a618b6d8eaafd,,61
17,NEUROBANK,Neurological Data Repository,78bec325c4007b02d819c931facee8c232267c089a7f27294f2ebf451dc8811b,2032-04-17,182
18,CANCERIX,Oncology Information Exchange,aae472c20993ec083abbe0dea37b433e6415a1c25a8b77c50a0f467d5276b051,,109
19,EHDB,Emergency Healthcare Databank,532d1f28cb7db13027e7fc91400534ef0dd350496f560e07eb393d62bab60941,2033-09-26,76
20,LDSD,Longitudinal Disease Surveillance Database,e6f0daf401f5f60cb0982e5c913d7a056204dfe4cd50b18aef00909f15597e9d,,110
21,VHD,Virtual Human Dissection Database,338430559d3411ae8b63737ea3cd225e1a58b308537bdefb66743a1c4303fb65,,149
22,HMDS,Human Microbiome Data Store,5ee0aae2009ca0761ee76688211e41a6a0bdd15a3815ecd68c1f2c71675ba133,2032-05-01,157
23,LMDS,Life Science Data System,34a7120fece46bb7216c08cb72f185df9072717751ecce36d5f42c3f298902a6,2030-01-18,182
24,HERMES,Human Epidemiology Research and Management Electronic System,ec31c6307d31cccc4f7ffdba32ad905e2de2ed2d471847cb45f7dc28eb5f1e54,,235
25,HEDB,Health Education Data Bank,e4ed2954f702d9c34f74f88628e01aa91f7dc7ddce722d52353469ea6eed7c81,,235
26,GHADA,Global Health Analysis and Data Archive,e76612a7d53fd8caf2eaa0f5d2a3d7d035265fa5edc97a0192d1fc55ca7d8a40,,70
27,DRUGDEX,Drug Data Exchange Platform,13d0b81bd1da597f06e79a9c94c756b9ffd2b2f9b913159e1e91a8e122d036ad,,83
28,PDDT,Pediatric Developmental Disorders Tracker,93b5aa6ad81672f7954cd3a98f8834bdaf146360a8ab230035f225bcd37cf2ca,,82
29,PADR,Psychiatric Assessment Database,0ae1297ece57d9f8820d3c77f841aa384e8c5d14513ed4cc494c22cbc272fdcd,,61
30,HEALS,Holistic Electronic Archive of Lifelong Symptoms and Signs,5630469404be75b4d0bdf2a642b8da7604f4a818309fea621a7b41d83b3924b9,,86
31,ORGANIZE,Organ Donation Information System for Transplant Eligibility,dd5e503ab30133627a05fcdd26f6df11c69f2fd0453445c730312ff794523fd9,2032-02-11,56
32,POPULOME,Population Health Information Management Environment,725822285fdc5eec87fa76dde8f27769bf605ad82c75a8902c21d1f9879de129,,15
33,CARE,Chronic Ailment Research Exchange,f785ce949426c0f6caed044ec49df64fe26278a8c0fdb89e81aca5f0914dfebe,2033-06-09,209
34,MEDICLOUD,Medical Information Cloud Storage System,9d4a66a99f69e2999f843601cebc9896d0a7b9545073b2ca9c108cd5632587fe,,178
35,IMDS,International Mental Health Data Service,41b8217eb32744b96856c67a0de24fd4347c0258fe82562547af8baa79c5bfd7,,130
36,HEALTHNET,Healthcare Evidence Archive Linked to Networks Enhancing Treatments,675c1058bd1fdb4eac661afef2cb2f786ab5e8e9ee7c267f393a7ab6b99d3d37,,157
37,PSYCHDB,Psychological Health Records Bank,99b8d74f0837231f6d8e8461b2d666b45d717315e7358b7f105cedcb7ce989b4,,107
38,CLINICON,Clinical Research and Outcomes Database,46f19a1e4672bd16a17251edb9e59b31bb854d2971969d3359b8f1d4de6d5f4e,2030-08-28,197
39,HCA,Health Care Archives,9a7cf7eb926772e3c132fabb58da6a6e02ca51a199b84f13a827f3d7e5514b65,,107
40,NEUROLOGYDATA,Neurological Disorders Information Repository,514ccf0d3e412d73b4a87de0ba4428f7fa363241b8fa06cdc1e16b6ee3e50d37,2030-06-14,157
41,HADS,Health Analysis and Decision Support System,8c786a506bbc1c1acad95c28ab1cc674a45c360db31d0e84ba12bc85afc17de6,2034-08-02,101
42,CMDA,Cardiovascular Medicine Database Archives,1ba48b144b93c134bdd74433f2d95c711418c242c37b834fb6a26d7961e1bebe,,107
43,INFECTIO,Infectious Diseases Monitoring System,6fc0f3500244cdc4936b2e359b137eecfc6be17bbde1506e7ef3269863312275,,157
44,PATHOLOGYNET,Comprehensive Pathology Network for Collaborative Research and Education,ed4d631d64cf03f1a3500733361084d5304a36db9b3637d35126a7452abfe67c,2031-02-10,75
45,NEURONS,Neurological Electronic Universal Research Online Network System,64fbbb27caee46cf55ad76bab821a8a3a0c8ef4cd35485067eeeba679d2f12d5,2032-08-07,130
46,MEDNA,Medical Education Network Archives,9ad3952ae28b30bdc743eabd8e6e84e61c1fab04cb6a5722604b608fc6c81401,2032-12-01,197
47,GENOVATIONS,Genomic Innovations Database,5201844168bae95e848199b2ce5f5146e2b03b58bc01ac06644a173dbca32aa9,,101
48,PEDC,Pediatric Electronic Disease Catalogue,b561dcfe55144d43d695b83faeeb9cd2182a14696e7f4d13b0debfca8e06ac51,2032-08-25,61
49,CARES,Comprehensive Archives of Rare Endocrine Syndromes,799d4fd75acdfdfc0498a0d52a1f3d648bbe11da7322609bb36735966af539fa,,109
50,PATDB,Patient Analytics and Treatment Database,2fa4639563c20284ef1d358c3f34eb0e0faab12269d4ae006c85e94be2b8eaeb,,29
51,IGDB,International Genomic Data Bank,c11379989ccd9410e073e97821f1e36b6206bbe8ebc89a65fb2f10d7bbe74bd8,,109
52,GLOBALMED,Global Medical Data Archive for Clinical Research,aeee2a7a8ea5e65e8f26410ce900f642ef1368a34ad1c08d61efbefd1d225e72,,182
53,IMAGO,"Images, Manuscripts, Artifacts, Genealogy, and Oral Histories Archive",64ec534079e3b3030aae019b74ec8585550d847540b34c2d4f6be48432235af9,2033-10-17,235
54,LRPD,Liver Research and Patient Data,ca632a358e513c47f249b544412e8df309eed81f8c1150e62b414eff3bdd649a,,130
55,HERBAL,Herbal Medicine Reference Library,864d07092eb69642f821bf44fed11fc55a4da7c6dfceb1ca069fcefe87e90aab,2032-11-04,166
56,NERVES,Neurological Research & Evaluation Virtual Storage,5358e689c35d7896320efc577adb1f7c753167a27d989454a27d56f8a1698f3f,,107
57,RIDB,Respiratory Illness Diagnostic Bank,515a211bda79aff970f39fb72ccfe5351ba40b3db739d088e59a226510c797e3,2032-08-24,76
58,VADB,Visual Anatomy Digital Bank,e596031c3a5ff92afd95d2e240b6e2bd5f45bc2d44eb229998ab0ef4e314eac6,2031-12-08,76
59,GHRA,Global Health Records Archive,eb94b35c87489ab86e5299659f39d1869c10962dbaa13a191f270d9a8aabccee,,60
60,HEALTHTRACK,Healthcare Tracking and Analytics Database,80a78f4e40e2d5f892c1e080b83035a254bd076ba1f809f4faa8c4ffe7e5ffb7,,130
61,CANCERNET,Cancer Network Database,6d141f49bb98fe2c69d10bfc5b3d860194b539356a0f2fa21260de423d921251,2034-10-24,107
62,PANDORA,Pediatric And Neonatal Diagnostics Online Repository of Archives,1a1db0c8ad2fd9c0307be139ef691177093094c584ccb6db9a5d981dbfa17f6b,,82
63,PHARMACO,Pharmaceutical Clinical Trials Database,bd139a56e940df23b0d97d8188f86a1a7ca2c37bf408751014bf3a617d71c16e,2030-03-25,15
64,HCDB,Health Care Database,a681da7f97140fe1e41e35a1d18c049fef0eca5464362311903962f4bcb3d3b6,2033-01-02,82
65,CAREPATH,Clinical Assessment Research Evaluation Program Analysis Toolkit Hub,0979a9abd89e61e860362a67b6af91bb0fbd32d2e6d890d0f0243d0c185265f2,,15
66,ICDA,International Cancer Data Archive,da34bd78a40bdfb2d6d87f57643612c2709a42555323c4fe2cbb351a67e842fa,,60
67,INFECT,Infectious Disease Epidemiology Forecasting and Control Technologies,2b332953a2121cbcbd6c0fc64eb69c1daee8800a3eb2f54aa457a5086c195e43,2031-10-02,86
68,IBDN,Infectious and Bacterial Disease Network,d0166eab691ccad082a7e397a243d8c2dbb6a3f26384d89fab34b73c9b452f5b,2032-07-05,228
69,IDEAL,Integrated Disease Epidemiology and Lifestyle Database,e5729b01f37648b7edd408870543f78cfcba870c294c31fe9540dd201bde4477,2033-10-11,101
70,ARCHES,Advanced Rehabilitation Care for Hemiplegic Stroke Survivors,db16646483aa10f01ac1b0840056c65e919b44b48894acf170336b097580b4bf,,215
71,PATHDB,Pathogenesis Investigation Database,ddb0f53a3d492e567f0cbac2104f67e1f0ac9d69d04d497ce07f6e9c6b57600b,,61
72,SURGERY,Surgical Unit Rehabilitation & Guidance Enterprise,10c16ddf47dd2cfe1e8116e186a6ac5bfbdb17f81d02b8ea8398f3ff32559396,2030-12-13,86
73,RAPID,Reproductive And Prenatal Information Databank,aced6fd8687869f6835f0528a1a57d199480907ea4f42ac53c87a0c7111c8b5f,,83
74,PATHOSIS,Pathological Outcomes Systematic Integration Study,8b21334152d66a76400d57497e568bbffccbc22ab2d7c9708083d8850a4ab8e0,,29
75,RDNA,Rheumatology Disorder Network Archives,8b86f57564e92c1ce6f0b193a93a4bf0893d868cd9a6f3e56045d0c16eb441ba,,157
76,SADS,Substance Abuse Data Storage,1030f468e6bfe3ee6a499591caa69bea5c0f1c4ae6ca72165f9bf89acdde825e,,235
77,EPIDEMIC,Epidemiological Disease Monitoring & Infection Control Initiative Collaborative,481ce677ea4c2f22f2eaac4d0ff09f4a68a3d9451c7805897950e95b4a7cbe2d,2035-02-24,178
78,PADS,Pediatric Allergy and Dermatology Study,e9d25ef4971b5afc85c18831740d3b06b862fe4f04118b5393dbc54703009c4a,,86
79,PSYCHONET,Psychological Data Network for Mental Health Studies,b04ae2a199443670c984119bf52e7a24e6e20720bb7bd92fd96400d1d6b19ebf,,178
80,BIO,Biological Information Organizer,05ae0f2947de3299a0b7092adf24c215260280469a0d6c4a4f3cbec0869bc347,,107
81,PEDIAN,Pediatric Electronic Disease Information Network,f858998fc33429bcd1ec802248f7257c11e12fa14801f0dcea368ce991d0f681,,107
82,CLINICALDATA,Clinical Trial Data Management and Archiving Platform,5cbc4ccdf7db511533e85c1c00335b49944755cbffb7d2207434b1e4e7c937ec,,209
83,RADAR,Repository for Advanced Drug Discovery Analytics Research,82add41ec93a21fb2df89d043419269113684021e509fb69be930cbe76b5720d,2031-05-19,178
84,PEDBIO,Personalized Epidemiology Database for Individual Outcomes,51a8c103b7a759f6a5d5a41471c85c532bbf6cafc693b624b72e43c59d968540,2035-11-10,15
85,CARDIOVAULT,Cardiovascular Health Records Vault,695a10318c1cd1c2e155701d306cd438130bb469947e031b9fdd07b45f6268b2,2031-01-26,110
86,APHD,Advanced Pulmonary Health Database,af0cf4b5c7964c29b239db9ff40cda425524bb4d57a8c0f2cd69e9e374b3e4cb,,29
87,MHID,Mental Health Information Depository,70069a79fc6a39bdca17ca515670d5907e5aaba9e6b25089ad11a685bdd0e71a,2035-06-04,235
88,MEDIANA,Medical Data Analysis Network,4d92034af391e99fe17ad1378382ed32925b855aaf05d7f86a950abcfc6ae266,2034-06-16,182
89,GENEMED,Genetic Medicine Information Center,3a721369ee5e0301a7d281418f91e761a1a91264c1f705dee5436673e007fec8,2030-02-22,110
90,HIMA,Health Informatics Management Association Database,6b53e5b0b9e579a1ed9804cc531076e8126c698a392f63fbbf57ed06ab2b74f4,,110
91,RADIS,Radiology Analysis and Diagnostics Information System,dad3f92777c78d4c269423e9f84a3cb7f9ceb5bd881e6055647cb21db9c9526a,2031-08-14,86
92,PDBR,Pharmaceutical Drug Benefit Registry,822bed7d7b8d91b118e10d4d5c5eaffd65f84ade9b0a594e2dc2c12a2dff536a,2032-08-18,233
93,NIDD,NeuroImaging and Diagnostic Data Depository,96e55f9340297b8e489e230d3f072ee405dc5911ac604cd2a39b547b6c6061cc,,216
94,NHAD,National Healthcare Analytics Database,3859f4f2266b711a8c91c5787ec2d9f5b538a360f713279b30356a5d9a5afe9d,2034-11-26,15
95,ORGANIX,Organ Transplant Registry Network,556cbaff174b579512ac2523a81dee3c8103f2096a582dd8d39438d87fa7535a,2032-06-16,228
96,SCA,Spinal Cord Injury Archives,82cad1ae9d06213bfe788514dfca8b36d59858f8e3ca475de835724f23dd8495,,182
97,CARDIOVAS,Cardiovascular Disease Research Vault and Analytics System,06b6638063b95db523e92dbb642de5fb9e83704a0f1859b918b6c6e67744a0ca,,15
98,MHADA,Mental Health Analysis and Data Archive,682a9efdda131166819591c673bdaf432ddfa72f1f8f95d6a362cedbbac0d485,2033-03-12,178
99,GIID,Global Infectious Illnesses Database,ed2a49abd41997e027327d5327fe9aef3d4b93e45e85d6219bdec39b554802e8,2035-04-24,60
100,ACCDB,Advanced Cardiac Care Data Bank,de220fc2b730b34fb153f4f49c871124d04a5b8b7b197ae02840271b204be30c,2031-10-07,197
101,HEDRA,Human Evolutionary Database for Anthropological Research,4e62310279ecadee4cfe357d134c2947829b9895035f5b428dbef5456bfc081d,2030-03-06,75
102,MMAR,Musculoskeletal Medicine Archives and Research,66e1608fc8c2dc2344abcd708998fa8679b72d7732705b0937db57fca1e37225,,110
103,EPIV,Epidemiology and Vaccination Information Vault,50afa1c75babe0d2391a7e605e223197ad8f68b777213ad842654bdb1e22145f,,197
104,CMD,Chronic Medical Data,10af7ff8873644b8e1b17b49daf5484fb1d1151e37b8fee16a1e39a4dc773336,,60
105,PCDS,Population Cardiovascular Data System,6a945cf1b17a285b2edf237688fff7ed4e06e4a73d264137789325a612341125,,83
106,MINDSET,Medical Innovation Network Database for Scientific Evaluation and Translation,68a910275222874010fb167ae7f036c1a620d997072c5726e3b00bf841d34ff7,,228
107,GENOME,Genomic Information Exchange & Organizational Monitoring Environment,d405e7892b4992734e5fc9911bea4f5e9ff7a95ee5d0fe9a19534105779ca706,2032-06-10,56
108,LIFEPATHS,Longitudinal Integrated Framework for Epidemiology and Population Health Surveillance,e2eab0b7d96e3b08ad852d13d6cb2d23c545f5375a0f564ac18253395ac01a19,,83
109,REGENESIS,Regenerative Medicine Information Storage,c5f7c5c8bc25f1f05d44bf99cd4c44733805f2ce4e39ac81fc094b7ee0f78ac5,2035-03-16,215
110,GENETICA,Genetic Mutation Database for Medical Research,717984eb23e187ac0f392c666e12bbb26fa4b1eb66787b3e2fd5f8b8c1e9701f,,182
111,EMDA,Endocrine Medicine Database Archive,b5b5b4fd938274656fcd99a6193075e2496955109e01e43bed06c95aef9c01fd,2032-02-21,130
112,MEDIUM,Medical Education Database for Universities & Medical Schools,f04dd13502cf282956a3619552d4a6fc2814b54f3035e4e12ed9134e06e2f10b,,233
113,MEDICA,Medical Data Integration Center for Analysis,b512301e77f3d17fadf9381c1ba3d29879e86b5e6a8cd22f9edcd0c5028c190e,,29
114,BIONIC,Biological and Inorganic Nanomaterials Information Center,99f05c226a0f40380951917e1d4c1f53ba5a7329de930a2da1324619eac65855,,215
115,LDAR,Life Science and Research Database,2876e4541cfa187769202e9eef1beb2ad438815e64eb78efc3c56a3d46899b5b,2032-06-06,15
116,MCDA,Medical Case Database,e22a7aa40e4dbbc232ed9ceb7ad63f8c97935beddb311efe5856294645d1e413,,76
117,CORDS,Cardiovascular Organ Registry and Diagnostic System,84a313bc2c90f22e8cffc3e4d8e88561019dfbe4d66678ee13f65e940da8aa7e,2035-07-21,86
118,MGDD,Multidisciplinary Genomic Disease Diagnosis Database,ae2a8d949759d7fc6f9020ece24ddddba3f0a46e4cca82fe55e1491550586d44,,157
119,EMBRACE,Epidemiological Modeling and Biostatistics Research Collaborative Environment,b7c56c8f36dfe3bb951e27a23bbda69a3f88bdefb8a9decf79886c6a77701df5,2031-05-06,76
120,GHIDB,Global Health Information Dissemination Base,5836460067609721e662666f15da2af58ec258a56100bccd053169eff81938e8,2035-06-17,29
121,IMMUNOLOGYDATA,Immunology Data Repository,83267191d54ed123d2bf3f121d31cea58aa1c4dd5da9c10050ea1a8ad711dbdb,,182
122,NEUROSIS,Neurological Records Organized for Scientific Investigation and Study,e4008672dbbb611822064d2ff4be48cd6b028f6a276d607f474ff9bf09e10a29,,110
123,HEART,Healthcare Electronic Accessible Records Tracker,92988f23f796cd6fa5f7f1c70531e6115f918c94c686b8111377cbd02a25e012,,178
124,EPIDEX,Epidemiological Disease Tracking Index,2904f94061310b0b607f5fc64bc861c16f8c69a3fad4174beb422e9a81e35020,2033-02-25,29
125,MENTALHEALTHINFO,Mental Health Information Repository,de84a13c58384392cd6cbe34879d26af37e58d19d0a3224a204f4178ebfb8a42,,76
126,GHNDB,Global Health Network Database,740889e73527503a1e6fb9ccc1dea945ede3e25e678c5f8b3a8266638d80a467,,233
127,NEURODAT,Neurological Data and Analysis Toolkit,1375d34d18c8e608e664e55fb6d2240fb52df78423ac2df149863f459e24e426,,209
128,IMMUNOARCHIVE,Immunology Data Storage System,d4dea907d92474e8fc4d7356cc5669bdff19abb7f31b76989eb7092492ef9e55,2035-05-24,107
129,LPA,Liver Pathology Atlas,588c5f15ec8777f0fff5a0d1e5836bb62dc2659804672ffb33190fc07991bec4,2035-05-25,157
130,RADA,Respiratory Ailment Diagnostic Archives,c9a0154aa3c07b358caa61dd39b918554346ba64c3e0c2d9c3720484316928dd,,110
131,SURGICALIA,Surgical Innovation Library Association,6d7424e0e4a4884ada42bd6311661875ddc644406f4718c80b0c84c598e7daa8,,130
132,BIODAT,Biological Data Assessment and Tracking,91e4205072b9b941bdabd448e15439b9c2c4ceb1aaff5500cb05e09bf250aa3b,,86
133,EPIDEMICS,Epidemiological Data Management Integration Collaborative System,dbd9145d0897a454f7934cf0f2430093eca90e2209c5a8cbaf637aec4575367a,2032-01-14,235
134,DNAB,DNA Sequence Annotation Bank,531264ed1ace8baae255ad198ff2364b3851bf0ca9cee3526da6ca45c27ed91a,2032-03-20,86
135,RHIDB,Reproductive Health Information Database,edde9568c289b0bd6735b93c10183700ebd7d369dad8efd9c7e30ff1538a91c3,,76
136,LIMDB,Life Sciences Information Management Database,b684371f6ae038ccec522e14d17ce72e1441feff3dd092230628fe59ad941875,,149
137,HEALTHLINK,Holistic Electronic Archive of Lifetime Information for Total Health Knowledge,efe8e37e5cbc5e84c5657b7c7e23b06b170577a4357ae75683b5a9916f7cc7a3,2035-08-08,149
138,HEARTBEAT,Health Emergency Response and Treatment Behavioral Analytics Toolkit,ad22a8a228999ac57919134ae1d3ed5381bd9be1356c895d065811773023139c,,83
139,PHARMASIGHT,Pharmaceutical Analysis and Research Management Information Technology Hub,99a193006fa8da9928cba536f5a6ae46ae446efa5cf1fa3c019bcb428c1dce8c,,209
140,HEALTHINFO,Health Information Database,909368ca1538b0939188a00eb28f2ba2b2e8dae11f47e6cc29d56db56f1c0b18,,22
141,PMIMS,Patient Medical Information Management System,ff07ba145baa5c20eaa4ab6649cc68303222bed9c155c3e0fb250cc17b43b22b,,109
142,MHDA,Mental Health Data Archive,1a530c56fbe901dad3d9a759719e3a8564844ddba2f4c3e3316388a0cc140861,,83
143,PEDIATRICMED,Pediatric Medicine Database,3488d071fcd1e75d4ccbd53bef3fa065648c21d2169d4ad5a2da72e5fbd5d4be,,215
144,RMDA,Respiratory Medicine Database Archives,2b661cd7756d52f3c67aa5985e854e2428f7fd659ceda5fbb15efe446beddbd2,2035-10-04,22
145,PDD,Psychiatric Disorder Database,317bc69f8635e5a55a500aba3521596ef74f4a946653ad2b7df7a4daacff03b0,2034-01-07,76
146,GEMS,Global Epidemiological Monitoring System,138a07c59f93207de234c603d55a181e30d85c89a3f15ab14fbc46d1b1f5cec7,,197
147,MICROBIOMES,"Microbial Biodiversity Online Monitoring, Evaluation & Surveillance",e0af8bd381fa607529b733d51bd520d1852681507569ff551d040bb73adc3c3b,,15
148,PNDS,Pediatric Neurological Disease Study,68250be6bf41c53c47457163ffccfe4af35bbc95910e39abd2173d10017ea161,2035-10-11,233
149,NEUROPATH,Neurological Pathology Database,b0a9f42982216e20c1bd101d28d1d6bdb138e3a4077bd7d716048e31da016d47,2030-02-14,107
150,EDDM,Electronic Disease Diagnosis Management,03ca5f1a3684ca0aea9eaedaf8d1f65e306361aec0697ccae6cdebb02ce418cd,,209
151,CNIDB,Cancer Network Information Database,6309826b5e08b4ac23b444b8a0f98781e5d0ee92af9c8d4bb0b2001781ee99cf,,29
152,CNID,Cancer Neuroscience Information Database,c4e4249416333b97bfc86cc9c3ffae0836feafaa41cd0792a0be6e48b61955d1,,82
153,PHARMACOMETRICS,Pharmacometrics Research and Evaluation Network,9a6db5c12e5b823dbe6815aedd1916d7027a8814f0c57cc180232968ced3e67c,,157
154,MMDA,Medical Microbiology Database Alliance,0a52a65b92a88d65ea1c9c6c5feebb8b97be6df9fc7c75f7014c3389b9064f4c,,86
155,LSIDB,Life Science Information Database,2e62ffbd4ec73d79ce5f3ffc5e5794314ddcd61fccb6ba94353009881e9d95d9,,149
156,BIDB,Biomedical Innovation Database,399361e7b6da334e615258c0c482d32d7953a530d781621fabb6a9a7bcaaefa1,,70
157,LIMD,Life Science Information Management Database,7cb0721e13cdf858171dbd7e14a65381a7b6e0609496a737ad65a6d2ba7f0e89,,216
158,CIDR,Cancer Information & Drug Research,649d21770e9415cb7dae6d33231d905798b0ab15b07f2273d62e157bc0ccd352,,197
159,AHMDB,Advanced Heart Monitoring Database,7ae0fed04221d2d265c5b0df337ed45a5e9b7b4f4050da0fa9e85f18fdd111ce,2031-05-01,70
160,GHANA,Global Healthcare Analytics Network Archive,deb70ad3c6a853799c6f6082ec1247034913930f5d13113d096f328421044f65,2035-09-10,75
161,PSYCHOLOGYX,Psychology eXchange Network,447a76ab78ed526a6f01a45f39d4230aada57f64bb0238f43d73a9f19b324e14,2031-05-05,215
162,IHRA,International Health Research Alliance,61a1576849894d3ef5d1ece9d6fb780ae6067c79fa9dc87aa82b8f19ee8d0127,,76
163,WIDB,Women's Infectious Disease Database,8cf855ccb083211de0a2a92e36e34d98036809e7fff94fc05076f65c2b515eb0,2031-02-12,75
164,HCIDB,Human Cardiovascular Information Database,6f12a600afdb40a95fa476d5663c34183d19da36d2c5ad383f829a088aacba02,,22
165,ONCD,Oncology Network Cancer Database,bcdaf7dbc8a7426013195324fbbf14461ac764a492cb366628820c94945c656b,,107
166,CANDA,Cancer Diagnostics and Analysis Archive,e3982a493c2e135dfc5cbf612441a01622edaf7dc4412bde7960021d8cbcab01,2030-01-05,157
167,RMID,Regional Medical Information Directory,6d16b82089010231b5dd959856872cbfc6ec1fcd7f938c7bf90787caab9db42c,,182
168,EPDM,Endocrine Pathologies Document Management System,0238c0b5c7718ea8d85c1528c1a69adbfba42be7a624706e5e6cdf8335540d3e,2033-02-17,216
169,CANCERA,Comprehensive Analysis of Cancer Archives,07c3fc7f05d549b40ce608f3b518bccaf1089e66fb50e66ec277c2b7951cd580,2032-12-08,107
170,SIMDAS,Stroke Intervention Management & Data Analysis System,203b806153c8f1489ae8b46702a608d58fe722bb436d4e6dd0fc36d88f703bd2,,216
171,IMDB,Integrated Medicine and Drug Benefits Database,c95b364703629dee456a08cb67f89f8e746f0e2513f770aa5d1bb41c092f2176,2035-05-10,228
172,RESPIRONET,Respiratory Disease Networked Electronic Repository,0d8f5e25c618f16528a34dedc68602be8ad3741ea79d8c3f65b95dd04e2ec4d0,2035-11-22,76
173,VACCDB,Vaccine Administration and Clinical Data Base,352a2127eb0f4ba15d82a242d3fd01d31da31caca5188ac736612e31d8a1573a,,182
174,PHARMACOLOGY,Pharmacology Information Repository,8190632268d0b8be8f4870c1e7d0dcee38bca6473898afb26c81029e7f3252e5,2034-03-14,86
175,VDAR,Veterinary Disease Archival Repository,6e593af28dbc7d2859e5144a98f18eac276ad01b86cb7611c8465fa9f666fb69,,86
176,ORTHO,Orthopedic Rehabilitation Therapy Online Hub Database,e76fdc2f6d20abb268cd16803dc601bd5154e1a8259285a411ea38eda6b0b2ee,2035-06-03,130
177,IHAD,Infectious Healthcare Analysis Database,8b5002ed8ca6c013d76b5e43b7e5799cfff3a175003507fd9391322cf4bc8001,,101
178,EBMD,Electronic Biomedical Manuscripts Database,2c88fc5e2dbba9d9c6efbc89936ce8e27f43f17f979ca75d41a46ae65f0a7a87,,76
179,IDAPS,International Drug Administration Platform Services,ace298013f20b79f3c3939b4db7af81fe69e3b7a9c7d094e953152c010b932fd,,182
180,PHDD,Public Health Data Depository,1a1287099e2260f101603a458a40e290aba37f3b78c60f943efbad0f5616b6d6,2034-07-20,101
181,NEUROBASE,Neurological Disorder Biobank and Evaluation System,07c1c1bf7edb01916773c3b50db665258bf6d96d6b9ca83a8657077764d041cf,2034-11-01,109
182,GPHA,Global Pediatric Healthcare Association,05c6339eb2f6d211af7d30dfb309a19b49eafd17c5a8e2ef02e3544168c8ac6a,2030-09-05,82
183,MIDA,Medical Information Database Archive,ad041b630f93ca33027a0097ffcb4a57097692f438640dcd4c1c2327b7e3812e,2032-12-07,166
184,LRDD,Liver Regeneration Data Depository,a8d18d1583a02d0298a758bcd7f580b5bc8df8165881eb12abbc8176d8ba45c6,,149
185,CARDIACS,Cardiovascular Information and Clinical Studies Database,decdf8fac20cf36935d94190ee0e9db60e09f874ff77bc06c8144f7e6b82c0b4,2035-03-06,157
186,WELLNESS,Worldwide Epidemiological Library Linked to Electronic Networked Systems for Surveillance,45abf5afd7252f2283a2bdc1db565f9e5f8c29d256c2ec32e70c2553ddbedeed,,76
187,DRA,Drug Research Archives,3c4ec36bcd94518cbec8b234e2c9914b1afc9cc233d69f4272fc03688dfb5230,2032-06-07,70
188,MIDAS,Medical Imaging and Diagnostics Analysis System,509a191a9ae97885256b47f53801c13a014c9a18e986ee24a1b2b353408e5dd8,2032-11-21,149
189,RHDA,Rheumatologic Health Data Archive,38694e536f1f1204a7965bebe0c88ff7735f577a29d264c29e274332fa8f1627,2035-11-06,76
190,CANCERREGISTRY,Comprehensive Cancer Registry for Research and Analysis,67ab95b493156aa2ed8d1e15799900419ba6991ea7d7f1f56221086ca2dc72ba,2031-08-23,107
191,NRAD,Neurological Research and Analytics Database,c2651ea821c889d15b68edf4a2640014c6ecaf866be9a5a2972a951dc8b9d841,2035-03-07,109
192,GNAD,Global Neurological Disorders Archive,4016d4a737e3dc510aedf49271bd6272199effd20014dfca592ef46aed059018,2035-06-03,107
193,RESPIRE,Respiratory Health Evaluation and Research Infrastructure Database,04abff480fbe0d9a1575eb0a2d35b2615f01f91ae2fcaccdb3c5683f4a5adf52,2031-11-02,228
194,NEUROSPHERE,Neurological Disorder Database and Information Repository,7f06a99abab226c81e1a4c80e86fc79e4165c4510e24acdb5c1aab7c24a33d80,,209
195,NDA,Neurological Disorder Archive,e1047d94b96ea1c5d233d3c88d30fe6be1b610fa052d5b0430fe96a3958dba84,2035-07-16,228
196,CMIA,Centralized Medical Information Archives,36f9478fed4a010aca6c0e6361bfa021cf67b382a1a569e26ef003f6181a6995,2034-06-27,109
197,IMMUNODATA,Immunology Research Data Repository,1da99639eb20d900ba8623ca32bff05f2eb2ba29ea9e9402f7c81158e60d0243,,56
198,MORPH,Musculoskeletal Orthopedic Research and Patient Health Database,c2539494e0d650a49a15be6c06c11ef5b00a2d19f4849b8c1bb06cefd886aa12,2035-04-25,86
199,HDR,Heart Disease Registry,b65d48c4e9c746a65f951d236871cdeb9b4fe9375cf7df8030d8baff3dd83cc6,,60
200,EPIDATABASE,Epidemiology Data Warehouse for Public Health Research,377e66375ac3f7a63d559e058877a9cbf30daaebfaddc24c99324e52e1d155d7,2034-10-04,83
201,NEURONET,Neurological Research Network Exchange and Tracker,d5bdee8f780de40ec64b0b4fb1907643a94663c4b614f67b62599f729bc0f674,2032-09-23,182
202,GENESEED,"Genetic Sequencing Exploration, Evaluation, Discovery Database",2372be03074a8471f47977724120a8ab10705352902fa5db4afc2c8b0d777222,,233
203,EHMD,Environmental and Human Microbiome Database,267d938401d6a22017a4580c936657e3d7aa82e11149abdb950910c930b88be7,2033-09-23,15
204,IDDH,International Diabetes and Dietary Habits Hub,6fbb525da7ec35a06830ff677918d7e3218f2534adbf2b6700494631aafefd47,2031-12-18,178
205,PATIENTNET,Patient Network Database,1c4203e32307e58cde9d3517ef6d2bffcc4742249a8ba67b2212b5e909363ee5,,178
206,RESEARCHHUB,Research Hub for Collaborative Scientific Endeavors,8773c5e61bebea0e58a9d0860cde5828dda8ad478926d9bafc3753a2d786126e,2030-03-06,76
207,PHARMACOVIGIL,Pharmacovigilance Monitoring System,d215a2d7359005c098d106171c113475d19aa6dc1b4d45650711ce503708f73f,2030-05-13,107
208,PREVENTION,Preventive Medicine Education and Nutrition Tracking Initiative Evaluation Network,0931efd78dcc72fe849445b0ef2ab505b52684f4fa7a19a0a4fdbe8166109c5a,,29
209,GLOBALHEALTH,Global Health Database and Analytics Platform,8b2163a3c3b9d31bbf449918fca10a57af2da0aba1ad5d4508f9c6f920edd8aa,2034-05-09,178
210,ODMS,Organ Donor Management System,71f0272aff05f01350c67ee23fe4d77e577f70ff6912ac6b0599b5f03631a205,,101
211,HAD,Health Archives Database,b9c02e88f1db670959ecab5d2423d0179b3d1004937f3fa41bc57d8dd06f0d58,2033-01-24,157
212,IMMUNOLOGIA,Immunology Research Institute of Molecular Advancements,52aa8a81c9d2b8c555b2fa107ebc1bc3d4def135b3667e00e1d103f470dccd3b,,109
213,MEDL,Medical Literature Archive,13df259a113822d7ad35f8f38cb3fec7b939dd0c2fdaad47aa8d068dfc10a29b,2034-11-22,110
214,PHYMD,Physical Medicine & Rehabilitation Database,15091c8d2cf69090e4244494d0b14e701a0eb9abef0b457711e67ece734a2d13,,216
215,BRAIN,Biomedical Research Archives Integration Network Database,45a9a498de475c84e760c5c2888a394a3115f53264972bba0af133d3f38af08e,2033-02-18,209
216,NRD,Neurological Research Database,019bbe31501d6c71a95730b6601c5aa578fb25620d317930cd2eff0955fd4bc6,,56
217,ONCOLOGYNET,Oncological Research and Collaboration Network,b29a2a5040e8f3d8ba31edb235adb62edd090b95d52e42a36cc93389e8e724f5,,149
218,MEDICONNECT,Medical Information Connectivity System,a940fe26da0bf1d6d12757f4ac1742a5bbb830c330138ab65c556c9868c22288,,109
219,PAMD,Pediatric Allergy & Mental Disorders Database,98b984b5f8436791b9e7245e19e7234e853513ba87cbd0d9b878932e1e44525a,,182
220,HEARTS,Healthcare Electronic Archive Registry Tracking System,e271c074ec673f7b6f5dc33e58058a413bc1129f8f7333824919c59230bd3b0b,,130
221,RDMD,Reproductive Disease Management Database,8a4658153155ba9388dad04d2bd1fa525c957bb1f4ff98497eda962077f385d4,,109
222,MDRA,Medical Data Repository for Allergies,c402fd381814a4b3359d8c04c0960c73977e7fa2eaef10ad82e3d45c1cf4b06d,2032-02-21,35
223,AHMD,Advanced Heart Health Database,f2911de031350d2e6f226d62ba0bc957afc2463acba18422f7ac97f0cc441fb5,,76
224,HCDA,Health Care Delivery Analytics Archive,334ac80813c8944c276d12ae3d11cae5d495c83d3af867a8a0ad74e5026ddb4d,,56
225,MHAD,Mental Health Archives & Databases,7a7451fd4f80d589a67420e100cdd74e5158e180b75c31f5f7d7a322310c23dc,2034-04-25,76
226,IMMUNOBASED,ImmunoBiological Assessment and Surveillance Exchange Network,70d887d7de87160ae8829ea712265a93b7b6071a6345db770b836da3921e3bde,2033-01-15,109
227,AIRS,"Allergies, Immunology, Respiratory Systems database",a914b5388c654391c5ed61ee79d8157c34b9e3f2566ff10fa2e817482ea11f19,,182
228,PEDIATRIX,Pediatric Research and Information Exchange System,3073ba08b473151ae864883ae3c11041b0b0d195dc4d594ee0426dfc4927f2c8,2032-02-11,56
229,IMMUNOLOGYVAULT,Immunology Data Archive,fdc495d3da82d5329d8e27c58697d4f886b68c5975372ad274e9e22f3942b2df,,178
230,NEUROVUE,Neurological Disorders Visualization Environment,74654b869af82f93c1a2f828cb25eb4ca47ae3b9b3139d97d95d1ceb9348f7fb,2035-03-09,233
231,GHANES,"Global Health Archive for Nutrition, Epidemiology, and Surveillance",03a9b8300b155e78b36f5e6fa51694b132e68478bbd0d18a15b267fbad841ddd,,166
232,ODDA,Orthopedic Diagnostics and Data Archive,73188af9fc07ade9db63a794243cba7e8f41272315cca9656b59647a938c8858,2030-04-25,209
233,CARDIOX,Cardiovascular Health Data Registry,176a33f7cc7f9c25308b3ee7071018a3e0b23e9f523b8dfc08d3fa1c8223fa5e,,22
234,PBA,Pediatric Brain Anomalies Database,5ad6a988a09363f908eec475865e92c4e95aeb9ddef5f7b86d9414a33c2241f7,,157
235,HCAD,Health Care Analytics Database,045f73c60989570cf52e5293bf846b8292b3d595d3374373e762dff8d73cc8ca,2033-05-21,149
236,GADB,Global Allergies Database,453e4b9323425fda66818da04d1fa7ef4951021912c7334baa76187f46dfb820,,60
237,IMMUNOTRACKER,Immunological Data Tracking System,e2ad30bec8f4bece05de1bebed34a02a6c25c07670354ff89fdca26ba661bb94,,82
238,GENEARCHIVE,Genetic Archive of Human and Animal Variation,68f535af772b758242ffd2127194a4a111a0770f4f059db06c653bafcb38c0c0,,110
239,IHADB,Infectious Hematological Anomalies Database,55599c68fd1be723861820bda5997495de0c24d82ca45f8aa46bca29dedaf955,2030-07-17,197
240,EHRP,Electronic Health Records Preservation Project,3a646f2d64de5f39ede92c6aeddbe9e88de1b4d397b644a3cb758ebfaad33f03,,83
241,PATHFINDER,Pathology Information Network and Data Exchange,188fde784743819a6259a2a06c14525c7dd875e6a46f2039ddbabd27179f1f55,,15
242,CANCERTRACK,Cancer Treatment Tracking System,3a9230ccc0433fce7f8677943946a234aee263af8dd0fd5d3a803596bebd66b7,,15
243,ODNA,Oncological Disorders Network Archive,ac85513b02fd1fe879bbaa353a026cb9f71702b6dfc7f51dbd85e4f9bd75bb19,,56
244,PEDB,Pediatric Electronic Database,7d33ec3b264163fa347f89d5912cdcdc7010ba5be7edc3ed41b2be6e1801e522,,130
245,LIFEPATH,Longitudinal Investigation of Factors Enhancing Risk Assessment for Type 2 Diabetes Pathways,222df8ab4e98f9af1b55c56aa0dd4031d95c6dcb022034cb3177508a4bd6af44,2032-12-13,107
246,ONCOLOGICA,Oncological Research Archive,abfe3b7ef6459b5f574d9bc92fe07f909cd7d7ce9b76a35c086e614aad50d36e,2033-06-15,233
247,GIMS,Global Infectious Microbe Surveillance,849e826e46bc3571bda866712621db6011bdb21f08b5f1331457cd3c0fe5cfdf,2030-02-21,216
248,MEDIQUS,Medical Data Intelligence Quality and Usability Scoring System Database,24781038a0045d22ae09ba05795058904702cb579e1d8ecb534a869f54824c88,2031-02-25,110
249,GIDR,Global Infectious Disease Registry,3298aafefdcf82b4f795460b0fa6aa3825a3a9da2771d20ebbc566b3c2026ec1,2030-07-07,235
250,VRA,Vision Research Archives,be730c2db19a64f91d79eab76c3c3410997bc6dcf0bb5f959fc52b1652126d91,2033-07-05,70
251,GENESIS,Genetic Epidemiology Network for Environmental Study Integration System,55c053b242ce0e6163294270162b1b6b042004a724ef957872af3e51f98703ea,,166
252,CADB,Cardiovascular Disease Data Bank,aa2abeb2f96025b2ee562b5c1d4928a5fb29dc3d15b52258b5d301270321222b,,56
253,CMDS,Clinical Medicine Data System,d38a45f80cbebbf859d9b966880593d91c62aa24f2edfe5729006f36763c4162,,235
254,PACD,Pathology and Clinical Diagnosis Database,81bd85acc23d78ef67e7e1a46e62ecc60b8de3f4cfe3bef64fda90c2360f30b6,,228
255,MHDB,Mental Health Database,3c8284324204f8f93e7faf131e01b36492bc1948c511ddd51e6aa96b88208c4d,2034-02-26,22
256,LIFESPAN,"Longitudinal Investigation into Factors Enhancing Survival, Performance And Natural Health",cdf049ca2bc8aeeed46c2de43ad880af0eafde1c3597727092ce682419845512,2030-05-02,75
257,HEARTNET,Heart Health Research Institute Network,71b676a40ead3ef62adf3a159aedf0ec561708acb819181c7ccb7234aab1e5bf,,215
258,TCIDB,Translational Cardiovascular Imaging Database,90430a552a5daef534bd0cecc157d0c39455a07f7ab59f2b22f318fb02f5a6b3,,166
259,EHRA,Electronic Health Records Archive,bfa52fdb776d4bf0591a632074344a9ac58522a0201862e681e07eb2f8e359bc,,60
260,CURES,Comprehensive Unified Research Electronic System,fd46bdf58f8800ad8b61b674b473708fa5fa69337fb5ae5e5c70656db3e4a8bf,,235
261,SIDA,Surgery Information Digital Archive,72b4abec046fc245b083f82407c854a322d4b4b657a1f94d7167b2aafdffc4d8,2031-09-07,109
262,RMD,Rare Medical Disorders Database,58b188ec830f4799e2042ec238a21e3d3a39c514fac7b9345c8754118a15b879,,110
263,CARDIOLAB,Cardiovascular Research and Data Laboratory,a689b5e9b0b4901f0c629461e3af9fc5c9786e5d36d376590d307964724fcd9a,2031-09-03,35
264,GENOMEX,Genomic Data Exchange,6ac978e6884e130e4bd0b18e36af0315b81364c8d4c511badc7d7d6250b783f9,,182
265,IMMDB,International Microbiome Metadata Database,f5e75c700c4e6cd24f6078bcc536b23b434a0d62c86fd110909f9fb37120a822,,56
266,PMDA,Patient Medical Data Archive,645463a2700ae87275b7c7291cd998829ecacb7a679d17613e7e25c737e36737,,35
267,MHRD,Mental Health Research Database,4ee6818d18c50587489d49f8e4cddf7a37e18ec6fce834911d6fcd0656375163,,83
268,OPHIS,"Optometry, Pharmacy, and Health Information System",21fb8517c8b2d20100b96aacc12794541ec17898994e2e757f59604674cc6105,,83
269,PSYCHIATRICDATA,Psychiatric Data Archive,f5036a2e3613b082368e92c5542e66e1fe036fb03126eaf053ed3ee4a469faca,2031-11-26,178
270,IHDB,Infectious Health Data Bank,dbe853ba1b4f5cb98c72f1cf73baa3fd622d501b09a6e8f741fa5afa18db73a6,,35
271,GHAD,Global Healthcare Analytics Database,68f12bfa68e25d38156b6294f92f067d1c89aebeec76b4d41860fb54c45e826f,,83
272,MDR,Medical Data Repository,233a6ebe5f024463f4734149e0f78cf52afd4e57e668895285964af25fdd7713,,209
273,IHND,Infectious Human Network Database,078d9e57098cb9af1d94b79c92fd532526d8517081b3a2a5f7efd894113a206c,2032-08-10,61
274,GHID,Global Health Information Depository,50537c076a5e62ae6e2fef722cd940d235555b0b5cc406c89efbe8ddaa4c5782,2030-04-19,101
275,GDAA,Global Diabetes Data Archive,8e3feadcbfa12bc7312f6c8836329b605e5d9550906c7cf41a5532326ab807e2,,56
276,MEDIATE,Medical Education Data Integration and Analysis Tool for Epidemiology,f27a0e14eafa63ccbe777d894ff8bb0c70b56c077bc8450adff13483d607f9df,2031-07-20,15
277,IDSA,International Diabetes Study Alliance,a724637643722a3e52a5955ad6a0fb2b2096ab2bde19439ff9b7af7cfc6cbd5b,,149
278,HIDB,Human Immunodeficiency Disease Bank,87baf715bcc337c09fde0a438463d830cf401c708b00bb4efc8649f1d9e366ad,,60
279,VISIONS,Visual Impairment Study Information System,80d56479fe4850c740a2bb540115dec5a2ae2df5db75ccb924b19d516e75e0e7,,76
280,PREVENTA,Preventative Medicine and Therapeutic Advancements Network,0433021eacc18d4f24010added5f78182cd1381a39c5467d3a179d7b298a609e,2033-12-27,209
281,NEPHRO,Kidney Disease Information Center,c32440b7e66b84a316c25520f55bd8cbf0f750484060ba4927a1228f449038c3,,29
282,TRAJECTORY,"Translational Research Archive for Jointly Transforming Outcomes in Oncology, Rheumatology, and Yields",94e8b76a2d1fc2d8c28f9cfb3eba70f349c81a89729c586c0dd7d4355c652da9,2034-01-28,83
283,IMMIS,International Mental Health Information System,f7b5d6618c7e69ad5a82114370ae3dc8869262b938a326fedd835311a4e7f886,,86
284,OPHDAT,Optometry & Pharmacology Health Data Archive,25d9df3e7e5e1123955a8347bd6454f4114be8b40813470ec740282513ce6e13,,149
285,GNDB,Global Neurological Disorder Database,7580c536cfdf1a7d2565a8dd1918c5a73d408f632bab99fc7597a0ac6bd0b9e9,2032-09-04,60
286,IPD,Infectious Pathogen Database,ba4eb3941d13b718d226f8cceedb63950b09d97a43d8c75b47d20c353d728edf,,149
287,BIOMEDX,Biomedical Data Explorer,2a26578a9a9d0a4c4cffe0522075af6355985cd9b61a51e4329edc64e84d9bd1,,182
288,PHARMAS,Pharmaceutical Analysis and Resource Management Archive,8ceb3a21630a43c4f6ec7294ff6fc0a969d72f4c28c5639117b4fac4fc17e148,2032-07-18,76
289,IMMUNOLOGICA,Immunological Information Consolidated Archive,e70af2a4b8bbf545ba0df9ba829ae8bd26bf378e84b42e2444ec5f23a43f7fc1,2033-01-19,82
290,IMMUNOBASE,Immunology and Microbiome Research Archive,9568a6a50552736876140224af7c93b6478c3213a082d72a749676330557e066,,60
291,CARDIOBASE,Cardiovascular Health Data Archive System,6d9ddcd64b0875dc0327027c29f21e8cf9b1f60bba4e60d8d412b131fcbeb22e,,101
292,AIDB,Advanced Infectious Disease Biobank,c0e4f87c2c6658581ea3b668f87d30a7697cef18ef286eacef051c203cd891aa,2035-06-01,35
293,EMDC,Environmental Medicine Database Collection,0c123ea62985a88476d7385fcaeae61f026c93a129bd076c9db68e6f1e6ac328,2030-09-23,83
294,HEALTHY,"Healthcare Evidence Archive for Learning, Teaching, and Healing Yourself",a038810a5f3e97254b28e0214a3684ca6d3e3185bcf9c60fd5cb10800d2c4a31,,70
295,GHADB,Global Healthcare Analytics and Data Bank,0368373766df0b5e40e03bf6109dba1aa60f9f6d6772892767270283525f63fa,,60
296,PATHOLOGYPLUS,Pathology Data Integration Platform,721f6070873cba929195db046ba7c555e7ac91b0dbd8147635262b3f48f01970,2032-03-06,56
297,NBID,Neurological Brain Imaging Dataset,5eeaa197cf168b8f72ab8adc835b2b621b2dd06331d01feda00b8a34235dcdbd,2031-03-15,83
298,CMDD,Clinical Medicine Data Depository,409692628183e0bd50961fa72cf50f7ae768564b6293525a85d1bf260e68ef8d,,110
299,RADB,Respiratory Ailment Data Base,cef9c61a4b20f4f3d334e045d26ff7af12f37c909fcd53f1f9e46169e8238044,,83
300,LIFELINE,Life Science Information Framework and Electronic Library Integration Exchange,a16f5a724ff942a2e0f0b270142083226c6246c3a0fb8c710a0730f71251bf3f,2034-08-12,228
301,GDD,Global Disease Directory,9929853d5651f3e8a78e3e1d27f8cecc3f8c86dec20e04cbf68900c25888b0a5,2030-04-02,61
302,NEUROCENTRAL,Neurological Centralized Data Repository,661d68a4bc07ff467e4cc5471c88ece4359bcf87339da5453f4834d2f4ed61da,,216
303,NHDS,National Healthcare Dataset,156331e21fa3342226043f6803b318774827ad8a3fc1c51982c45fac7c6da442,2031-06-28,209
304,NERD,Neurological Research & Diagnostics Database,6b4aa4ce34faa809700d35059ef236feb8be88355fd0c810ec126cbbec98b5da,,110
305,PANED,Patient Anonymized Networked Electronic Database,fde89bea352cb71f1863deac4dd36a1fc877a2e3f9643d408d61163b4192acbd,2034-07-23,83
306,GHDA,Global Health Data Archive,37b1fb16a7fdc9f8b532b4479bce9823e37d21d31d616f76b604f1d6dc02b53c,,157
307,TCD,Transplantation Case Directory,994a38edf23f69fa6b7badfbb2b935a8f5e804f23d22c8b6c0243f316a5c1b8b,2032-01-27,70
308,PHARMA,Pharmaceutical Healthcare Administration Research Management Archive,9ec817494a318fc3755a19336cb77141691e72845976348219f9e048af092c67,2034-12-28,83
309,BIAR,Biological Interactions Analysis Repository,0c152563673cb903baf22b85758732611fe93a3c8d53ebbc10462d04768808ff,2032-04-01,35
310,PHARMABASE,"Pharmaceutical Analysis, Search, and Evaluation Network",7b5e42d30a3f6672eca46195bdda4ed8e7c2148dd1674aeea046dcf7366d59e2,2030-03-24,60
311,OMICD,Omics Integration and Collaborative DataBase,397e92c4bf66553fb3a374d80384e711e8020d71bed6fdcf07987922d0ea9466,,22
312,RADR,Respiratory Ailments Data Repository,94b25e1c6df36ea60ba9a6b20483d4e87dadad930e98c94b88ee3bcff37e35a7,,56
313,ORTHOPEDICON,Orthopedic Knowledge Network: A Comprehensive Online Database of Innovations,103cf10118003b4d13df52fa92b8fc35fa73d20d7453fc118b0043d95e8cab35,2033-01-24,197
314,ICDM,International Cardiometabolic Disease Monitor,453e7e50f5cc9cc45e5a91519f0731c466f3884673cc22d8ed13c31abf105f51,2033-11-25,22
315,NRNB,Neurological Research Network Base,c41b6889c12cc0e835f3db9aee1f77446746b14c3b0075f10162bb95452e72fa,2035-08-13,86
316,IMMUNOLOGYLABS,Immunology Laboratories Information Hub,1a1a17efb34079f2527c00e19f83e1fa0150bd73f3e4d4752fac91500c87990a,2033-09-14,83
317,BIOMEDS,Biomedical Engineering Database for Medical Simulation,411f3bbd71266cfc63846e32bbca9078613a571dc48ac87f1de61d4484fdb41d,,233
318,CARETRACK,Comprehensive Archival Record Environment for Tracking Clinical Outcomes,e32262cf094d84b525c5aca06adbba91cf98e28a9f919bfc99bb664ff37c2a3c,,235
319,CNND,Cancer Neuroscience Networking Database,bbd3e261efa04222cb5817a80f5005ae4b8a071753da35d4f54388b73dfc0cf0,,76
320,GENIUS,Genetic Information Unified System,bab68a5d39d75728dc15d7c4c2cc971204496d05d356bb6b417b3c3dcf3ff4e9,,178
321,CADR,Cancer Analysis and Data Repository,b65cc39ce2677f57f47ae4b5120cb99555d723cdb1003a3945637b815f54b31d,,56
322,MEDBIO,Medical Biotechnology Database,a8fb6c675c688cf13a5da389a5b4dc8280cd9a045872193acda32d6bc4120773,,216
323,PATHWAYS,Precision Therapeutics Analysis Hub for Worldwide Evidence Synthesis,fbda4c8072d60d63f36c5016a2a9aa18c48f0bab206b767f6903cae68dc9d6ac,2032-03-19,82
324,BIODB,Biological Information Data Bank,5024ff726d00c222491db905372d9dd00444cf9d6f474ebc991e39293bb7f702,,166
325,GENEDB,Genetic Database for Medical Research,08c98420e61451a945aa95051abc6d93c386a47cd4e77621900a606ba1c505cd,,76
326,METABOLICA,Metabolic Disease Analysis Center Archive,628a7dcfa773be5b01ea74c3aa49a3caf154f853b320253d4d1e44d53787975e,2030-08-23,15
327,BIOSEARCH,Biological Data Search Engine,7b5215dfd04ccd79007624c58361b6b1e2ef41340b841df5bb48bcf188d2c8d3,2030-08-15,157
328,MEDSIS,Medical Epidemiology Data Surveillance System,502d2acac3599d9166eee7be6daf6a4963029c383e8ae9a2c24f9e42e5d827ef,,228
329,OPHTHALMICA,Ophthalmologic Healthcare and Treatment Information Center of America,cc2456aeab4f453c880d10ca324acc95f7dc7f8a821fcc84058db997fe8213a5,,149
330,RADIAN,Radiological Information and Analysis Network,a3092b6a74412df76d61bfac24108d8c1454a29abf299bf9dbfc4bdb1ac5db95,2033-01-08,56
331,EPIDEMIOLOGYHUB,Epidemiological Data Sharing Platform,0391114d261924ba69715ce910a13e2cbfb4f23c48f12c8b97f7c5bda91e2287,,82
332,GIDB,Global Immunology Disease Bank,0b4b450c0b8e67b9b762d11d706998d0fa8b0136a40d3817ba224765e9964332,,110
333,RMDS,Respiratory Medical Data System,4ddec1605da5212f207ebe57c622f35ca3e07925dc2a8ff02171806215b368b9,2033-01-01,157
334,PHARMOLOGY,Pharmacological Research Library,b2163b41b52abb473046450f3911babfb1651d2f25fba2470b583c267cec2476,2031-09-21,56
335,HADB,Health Analytics Data Bank,2f1a18493207a65303e63bf63c4ef89e7e7dff7843a8bc29b3f239fbe442205b,2033-01-28,157
336,RADIO,Research and Analysis Data Interchange Organization,1680ff98fd2053019a8d97f1692461d87cd3d45fb279ff125117813456dfef5f,2034-06-25,76
337,GRAVITY,Global Repository for Advanced Vaccine Innovation and Technology Investigations,8e8b3c063439f24975b5c5625e02bb8ef854cdee59594f0eca4dd6cc820c2d84,,110
338,CARDIAC,Cardiovascular Research Information Archive Center,53a49a231017907773052b44004fa5926adb473b01889134a3f51201d472dbd2,,82
339,GENE,Genetic Expression Network Explorer,536963a25a3eb2c3045646ca85e591ea47f00e7daa361f27cfc34313150751fd,2034-06-27,22
340,NDNA,Neurological Disorders Network Archive,3fc9e49bc17c90c26163f44f6037b1eb571542396bda9fc68d1a8c049786d086,,197
341,MCNRDB,Medical Clinical Notes Research Database,b39845dfaffaf504c3b3cbcaa2d6d05b84b0ac0247bdfa0b116c6bf36254a14f,,166
342,NADA,Neurological Analysis & Diagnostics Archive,e4c0d397c83afe5b6b47ec4cd110e26573719a40c2334b67e8de87057c013314,,56
343,MEDIQUEST,"Medical Inquiry Database for Quality, Education, Science, and Technology",bac36fdb6edf96dfed0800e560a4ae2160803fe73844f51fb9ef3bbc5d0a2640,2031-03-10,82
344,NRND,Neurological Research and Networking Database,c0ed68256c9bc611fb85bffa4feda03f67e546e49fc54c50412a994b72390f01,,75
345,HMDA,Health Medical Data Archive,ca899c3ed604ad12df29ea033c63927271a0d8871a309c906d7b344a5f849193,,60
346,PHARMACODATA,Pharmacological Data Archive,f54ec801fe04a63a0efa6f5a4b3f6de85b1f9618b6410302d48466fed8b22295,2030-01-13,110
347,RADS,Radiology Advanced Diagnostics System,78a4edcb2dcae5eafb1ab01a7b52db0578ff5481ccbb38161ad1c4f74765b672,,228
348,REHABILITATION,Rehabilitation Therapy Information Management System,2aee0fc4affb1cae44c3ef6b694b6c1d10be50be6d875f7141438f34060c1112,2032-02-02,149
349,CNADB,Cancer Neuroscience Analysis Databank,d2706c0dea41f0ef92d69dc81a3762ed5c95f7f72f14970d872f8c5037370e3e,2031-01-15,130
350,EHAD,Emergency Healthcare Administration Database,dbf026e5287edccb1e984d6e4f7e4fc996cea57e6f738cd61e02029a126738ab,,233
351,VITALITY,Vitamin and Mineral Tracking for Integrated Therapy Yields,ad97002d62b7b9048d0c36da516fe72cd67083309cc3ff8bd639473100b31cfc,2031-04-04,75
352,IMMUNOLOGY,Immunological Research Database for Organizing Laboratory Knowledge,6536aa0a644deaf438c53328c2bd4fcb686a8fe45f3c6d1327ccfe1ef6341427,,29
353,DRUGINFO,Drug Information Database,eb8c2df0b5b62ddcc6d847ad66277402e1113b94b4aa3c0ed733db05065d60cb,,70
354,PSYCHOLOGICA,Psychological Research Information Clearinghouse and Archive,0426b92b66e8bcc3a095b0daadec8b51f2d93129c6c3cf0996877cede0427766,2030-12-01,228
355,INTERVENT,Interventional Therapies Evaluation and Novel Treatment Vault,b4fc5d66fdce1088eaef00e78a2913c3ab262ce157461399424c3b19c56488a2,,15
356,PSYCHIA,Psychiatric Patient Records and Analysis,fff5b76f03d405500d54c7ae74c7bc742d263fc4c46ec73fc11e1a3aaee7bbd6,2034-12-06,15
357,IMMUNEDEX,Immunological Disease Indexing and Extraction System,f545fd4065cdcea9c7629d5906f51b929fcf5f7fc419d1b9571549b6819f1b66,2035-02-20,35
358,EHRD,Environmental Health Research Database,6086229bfa713b774289649854a8ab6befddd1840921407424c1d4e13c135caf,2031-07-20,83
359,MEDIAS,Medical Information Access System,54872c6faa7d182965b887674675997c0e8ae57095eb1ebee436f0f976171c7f,,101
360,IMDBA,Immunology Medical Database and Analytics,a8d8af49cb75968023eb22f9f666b906f274f162d74793444e4c0380821da63f,,29
361,VRMD,Virtual Reality Medical Data Bank,2b1289822cb249b65efbe066c909c3523382467fb3170a20c9e7930063781c79,2035-06-28,70
362,CARED,Comprehensive Accessible Records for Elderly Database,19c2bc4539901b6afcd374426472e647282424b98e76270a5301794153263755,2030-07-21,109
363,METABOWATCH,Metabolic Syndrome Observational & Wearable Health Tracking Database,932776c3c22fe25dd0afce5f7cfdde6fac93d00bf46050e36d4e86538df0198f,,178
364,ALLERGYWATCH,Allergy Information Watchdog,94754e91d31d2387e3a4c568d80d4a25fcb535f0a6d654495ebe6ae765e921d1,,83
365,HCD,Health Care Delivery Database,0d1bee3918af504624120dda32293536b1978bd20d10c839f1f89913a845e8ec,2034-07-06,215
366,SIMBA,Systematic Integrated Medical Bibliographic Archives,0e022ea80608f9a3bfe7ac8e766832d603f47574d27c7067cb2979cfb7fac5d2,2032-05-15,216
367,LIFE,Life Sciences Information Exchange,ac040accb310f9ac7d3a07c404d9ab318ebb80ff05b376379529c3a456b95339,,209
368,GHIN,Global Health Information Network,dee47b96df73e76374eca68c65d34d9927a13898f6fc869e1b159baccf496531,,35
369,ICDSAR,International Cardiovascular Disease Study and Analysis Repository,2fd1b0c29ca3827ab5c964dd019ac33d356e4611960bfccb183f30b8506a960f,2031-03-04,35
370,INTEGRIS,Integrated Therapeutic Resources and Insights Sharing Database,44a73cd52206a8222f32e8e6d49812a77be27cdbf0aac1a6f8f5dc4dbd82c3da,2030-11-08,101
371,CAREWATCH,Care Coordination and Monitoring System,6c37bdebf9da5326fb167f8555048d292a5442f62c77d3aee11e98613fe9e183,,178
372,GENOBASE,Genomic Sequence Database,f4d7ce1b6c37f33d463deeb50411938fe9f3193c235f858d3dbbc857653646ca,,149
373,TCDS,Transplantation Case Document System,189d2e8815b8a0737d12158389ffcd48baaa281db76a44627cf45a3e0f75dfec,2031-04-27,166
374,MAD,Medical Archives Database,97664e7cf8cc343582f74cc4da09681a2d1ba2ddbcfa63b97ed37634cdb2305c,2031-04-13,101
375,HARMONY,Healthcare Analytics Resource Management Organization Network Yields,673c7383bced4c0b78f3c101f1349cfb9dd8d56339b42e57f04b72bb332df48b,2033-01-20,56
376,GHIDA,Global Healthcare Informatics Database Archive,081bccf134598699d9f8f3bb2a2dd0964ef0a412ad39d56ed39f12ab294ef98e,,233
377,CLINICARE,Clinical Care Data Repository,b3619fb5e557148148ae674d29bc466cf8e8dfbcb23cae6d4dae933825bb940b,,83
378,MEDICARE,Medical Care Records Archive,997488b8ff3815db5ce890b50076f7c986abacf36678db48843c13e04f649721,2031-10-19,86
379,HEARTHS,Heart Health Tracking System,776d3e2ee37bf19335a81cd25f6a3415969ded19e781cc2b55a67d84b2b6f085,,235
380,DHAB,Diabetes Healthcare Analytics Base,74bdce5c05f3e8d250fed176a013f23a508db2459b40ac762dd926fc171042ed,,86
381,LIFEMED,Life Sciences and Medicine Research Repository,fd0ec950a1776bbae695843bc715d27e971b2f870d50b33c201eed7aaa8481af,2034-07-18,60
382,MEDIKA,Medical Knowledge Accelerator,8ffe88483bbb1cf313b78fc8f40b17dd5e492f5d20ddde494ebe25b366957898,,60
383,RDAB,Rare Diseases Archive Bank,20888c56670e5a39016b7f447be6965df3d736fe82e6d6cdee47ec33e0a01838,2030-07-28,233
384,HELIX,Healthcare Evidence Library for Innovative eXchange,d4e2f6be0879217b50c7b0dd8b253622063b4f5360bbe8082b9b4c0c5cc92270,2030-05-20,166
385,IDEAS,International Disease Epidemiology Analysis System,b1d0891735a25914ab44399cf3a9580087ff9b211ca55bbd11bb4bc0e35eb1fe,2032-06-21,61
386,MEDSAT,Medical Education Satellite Archive,b3f7178f4dd651a951086267d1f916758ebd0969c38b9f7afbaa4d505084e2b9,2032-12-13,182
387,VITALDB,Vitamin and Nutrient Tracking Archive Library,1d31a7f4b96b405f13ce7a04c7ddf13827f0fd46067b3c543e9479763dfc033d,,70
388,GENDAT,Genetic Disease Analysis and Tracking,40e491a276b33d53cd2941e35038e4f6f98bb648c90daefdff1ecdab31f95b38,2031-11-26,101
389,PHYSIOMED,Physiological and Medical Data Integration Organization,88cdfcb27b8ee5d948e0bfc8fb22fcd42f18bc8ffa0f18d2ebfb57bea17bbff3,,228
390,WNDS,Worldwide Neuropsychiatric Disorder Studies,40391036781d612367c2a396e15129c33444268c6e3b7b3b48585d7e390cc05d,2033-06-22,178
391,MEDRESEARCH,Medical Research Collaboration Platform,4a55ea792a32722cf1915ba6b24f82d92c53540b5d4a25cdd44644de80bc52a8,2034-06-01,182
392,INFECTIOUS,"Integrated Network for the Forecasting, Evaluation, and Control of Infectious Outbreaks",21cc78eb4018c99cb66d835cb5569c5628a22e29666c66d8abb602ba5774dd3e,2033-01-28,166
393,PATHOLOGICA,"Pathology Archives of Tumor, Organ, Lesion, Genetic Analysis",749fed2fef461488c5bc7a2b2c071e8f08e3720120fb6fa672d4e9ed975c7994,,35
394,MHDR,Mental Health Database for Research,19d1a2e1503cda8e516c662f8121a36dda88be605dd7cc42a4941c11c6c2a1e6,,101
395,GHADS,Global Health Analytics Data Storage,ff4cb6ff5dafa237f962013f62efab8554e406fb7a64f3bf3478cb1f6e326c66,2030-08-18,182
396,CARD,Cardiovascular Risk Database,72b50dc1f5dc3fd1173578d4478369c4a0d998152a35f8bfb9086a622fd9f045,2033-07-10,22
397,ONCOLOGYX,"Oncological Disease Catalog for Genetic, Clinical, and Epidemiological Studies",9bcdea688b2b9bad9a6dd17dad59cc487114f5d6cf8868313dfa9b408577c650,2034-06-26,60
398,CMA,Cancer Medical Archives,b8473bebfcd892f3f2d1ae95680382626e1b4e532821e426f1c55e6c15e7b26e,2031-09-17,157
399,PHARMACOR,Pharmaceutical Correlation Observatory Resource,b36eed094222cec94d9db9f4d4a47332e7202ebb07ccb8c0a0205d279537418b,2033-04-22,22
400,OMICA,Oncological Mutation Identification and Classification Archive,195a9f2cefd0bce77eb32b5e66c64d7c2e71b0efc7b791b3d6491106485a7fab,2035-05-21,61
401,GADR,Global Allergic Disease Registry,661bb9c63f7a13a8b5466ed93b3035b32a87840a3659afaf448de32267026521,2030-05-12,197
402,GNDA,Global Neurodegenerative Disease Archives,e9b909afcd80a6147f6572ee5e06a5161f8af01000fd5ee2d0e04ff6b7bf4e85,2034-05-15,86
403,GIHD,Global Infectious Disease Hub,4dca461de63347f754fac7488b99c70b830d896da4196c948770e0705db1b559,2035-02-15,75
404,BMDA,Biomedical Data Archives,b60a565b656d6ef2077e0d5f9f8df52246c9bda6012b479acbffe9053338553b,,157
405,PANDA,Pediatric and Neonatal Data Archives,acff23f1f8cc28c9c8565c01e7af06d524f9f2ba268783ae55b498477f9c49e6,2034-04-01,182
406,RHAD,Reproductive Health and Development Database,88ec4cffe4889a9162a2c08bcfc606088101c9015e0da996aead36ce353986d4,,15
407,PPD,Precision Public Health Database,94b53b772a3ebb1b08df47ae306b7224dcb76289ca831a54acacc9e5e5618e14,2032-11-16,56
408,CAREDATA,Comprehensive Accessible Resources for Enhanced Data Tracking,c5183a156320295a68af63b993cc8d1a12dec53282844c23ec617aa538f67307,2034-11-01,60
409,PATHOLOGY,Pathology Tracking and Organizing Laboratory System,560ed722c4d034993f58369f5ebcebd3776a651c81723d9f4c2f8bd933e27e4b,2034-05-03,130
410,GHDB,Global Healthcare Databank,423dfa289f25c874319728cdf191ee67da23e8146c798d909eef05fcc5b3c08b,2030-05-15,157
411,PPDM,Public Pandemic Data Management System,58888d10e0961f9f038f0f1814fba3ed9debf4a3577b41e6754da98baa31eaef,2035-09-08,178
412,HIMSA,Health Informatics Management Systems Association Database,0655f480510723fdbc2d43b132660d3143bfe63a3a51c54db9fcf4ff1a2e935f,2035-07-28,209
413,IMMUNE,Immunology Medical Metadata Unified Network Exchange,51d53286dbc8f9acdffe30581b3e7e22572a1307368cf621324684d10641210c,,110
414,HERA,Heart & Respiratory Association Data Bank,eb9ae27c55fae00aa3c5341481ad47dc8028c605aa4893ba7ff74a15db81cd90,,86
415,CDRM,Cancer Data Repository and Management System,73a09ae16c59391a6d7eb55b3c52961e4830f691aeabb94ffcbaec68adc8bf1d,2030-11-01,157
416,ICDS,International Cancer Disease Surveillance,eff389b2cbdd296c344b1ba947743487cd41100e34499df2e241a06c52de8edf,2035-11-21,110
417,AURORA,"Advanced Universal Repository of Outcomes, Records, and Analysis",4c71c8f953afeefb2746ac22f926d6e78cf1acaf263d7a378e3476a1bb9c4f3e,,109
418,IADM,International Autoimmune Disease Management System,f834018766db0ee7153c6c075235dc06443227aca66a29cfa3e1ca4338e690ab,2030-04-21,70
419,SADB,Substance Abuse Data Base,412f0e8f266bf061c354ecf572a0ea2e9f310b1cf86dac1b30be581659b685cb,2033-09-25,166
420,EPIBD,Epidemiological Biostatistics Database,527174de4a7ab44d0d2532869bc10defbd44950d527481e2c033ce174168f663,,83
421,PATHS,Publicly Available Transcriptomics Hub System,8f5618d525752ef40c41f06086b80736e6586fdc91cb0d528ab6ab44edf86152,2032-05-16,182
422,NERVE,Neurological Research and Vital Evidence Database,b5b7ef14673563e5eb1b2f62688ee990184376efbdfaf1026838aef1c9155344,,110
423,PCDC,Pediatric Cancer Data Center,cd2098f74bfbb6864e887de4e088e07ec516c191eb3d2bcd39441cf99c433620,,130
424,INFECTIOME,Infectious Disease Epidemiology Monitoring Environment,6ae49ea35c66ccbcc069f8cb4bbd03a40cdacd70eb0c8721973ec08bd79678d5,,83
425,RMDB,Reproductive Medicine Data Banks,f83baa6afa8ff4fb6df5cbeea5cbb20510e7675c1d15cd785c6b9b8638b9d1d9,,86
426,BIOSYS,Biomedical Systems Information Center,5db13126df3d38d9cee3c67ab0f28eedbc350d720197f02e6dcecc67332a6671,,109
427,EPIDATA,Epidemiological Data Repository,f52de86830980374bef15d3ffbdf0e53b02b2e523029fcf55b76cb01dfc82ded,2033-05-06,182
428,LABD,Life Sciences Academic Bibliographic Database,86b7e6c012c429c6122f27c6ee86709a67fbd44dfe2345d4c1158f163c498e08,2030-01-12,15
429,MEDIAN,Medical Data Integration and Analysis Network,8e21d60ad0ce3af522a77cf7a1946a11304517fd2b04ae66dff85e3a7e9e8bf3,2033-02-26,228
430,RDDN,Respiratory Disease Diagnostic Network,59f512eb58b734d4cddc114751651afd524fa7b917e5a3545cbf9b80b065c4a2,,15
431,CADABRA,Comprehensive Acute Disease Archives and Biomedical Research Assets,b1f9abf8b13b536344731402784e4890c1df36555d6a236e026078934d2e681d,2031-08-05,86
432,PANDEMICA,Pandemic Disease Analysis and Control Repository,a99437fa7f5637a9b854239592fe7ee66c0d70111658766d3169bcf6aebb126c,2035-04-20,110
433,RDDB,Reproductive Disorder Diagnostic Bank,96e7d90d01cfd8b825ccdf00ce8adc74a5179afe7a6923848f11ef40c6b955f6,2034-06-13,166
434,MEDC,Medical Education Database Collection,ae89391a0e2233f85d1bc7bbff920bb2ba1f8be270cfc80d500c8e7060de753e,2030-04-04,56
435,PADA,Pharmacological Adverse Effects Archive,e17547722048ef70862129dfd3b7c0e037b6fe8208707eb47e49443ae03b224c,,178
436,GEHD,Global Epidemiology of Heart Disorders,0be9241b7ac977883b81a163a54d5842c724621a81698bf91f96ddc303bbbf04,,233
437,PSYCHDATABASE,Psychological Assessment Database,fdaff3520668a6672a153b000911bbb1eb8cb4ee06099754708498ba85c1bbc6,,70
438,EPIKA,Epidemiology and Knowledge Archive,2b0bba597b2be2bcac093283fe2e12c92a5d4814892023a89c77807605a5a743,2032-12-28,216
439,VITALS,"Vital Signs Tracker, Analyzer, and Reporting System",ac05c6a20f805222200aa93ec06598df4cd9d528b83cfd056b008def43b7ee48,2031-03-11,22
440,HEALTHYNET,Healthcare Education and Learning Hub Information Technology Network,be325e03142a73bbf601e275cda931353a84a2d06bf2fa6a8b4164fe1bf2d77f,2030-08-17,76
441,LIDB,Liver Infection Database,a9e2d0dfa09f97fcf2a1eb28caa5df05bd16e3a38d4fc6bd105750505ab996cc,,109
442,CARMS,Cancer Archives and Research Management System,9b7bfc0c9d5a3ec81a05e16904e6d9a38ebbcc1e0ed3ab50ccff599702b71f9b,,182
443,CNA,Cardiovascular Neurology Archives,c5ead72f2598d3a65e36707aa355f285399533b6192117a87e37cc12a02de761,,35
444,EMAA,Endocrine Metabolic Analysis Association,835f83daa18343c004e628009506771d9db5498706fec8f89b8e57745ada6f0e,2030-03-18,83
445,TRAUMA,Trauma Response Assistance and Medical Understanding Network,7adc583605b7de7ab8432126363859f2eb2776b5a5c8827c86cdd900218f2213,,215
446,BIOMEDNET,Biomedical Network Database,195b2e710e4e22572deae641cfd8f4c3c950a8e7ef60c3f012f1e923e53f3166,,228
447,PIDA,Pharmaceutical Information Database for Allergies,06acd723f25807c3154951fe56e510552252a0ddcfc6138e99e3f4ac84af1b68,,209
448,HMIDB,Human Microbiome Integrated Database,4ca1b6af300dce39747b7a6421939b5f7357f87aa0feba5ff2767d90082aef47,2033-02-18,149
449,CNDB,Clinical Neuroscience Database,659c197e994b4a96ef727cc8139e51a84c8900e7e857a65b057e858202819dad,2034-02-10,216
450,PEDIATRIC,"Pediatric Electronic Database for Integrative Treatment, Investigation, and Care",40c25c3a931d22531217440c259dfbece47aab4d8a1cd854bd80f70a02c8b55f,,70
451,PHOENIX,Psychiatric Health Outcomes Evaluation & Neuroscience Information Exchange,b0e5e194ee1e70f0be33e659e2ea76bc90ca11148f96ae60d1fd1c2520495511,,166
452,NEUROLOG,Neurological Disorders Library of Genetic Observations,7943ad546542f7ee2a78634b7ed04d2fd78510ff25f068a3837870a423fc809a,2034-11-09,29
453,CDDN,Cardiovascular Disease Data Network,7fbcb58f7cbe5d2a493e915be44af778df9633c64d061445ff83e2379a22167d,,29
454,IHID,Infectious Health Information Depository,994ee5aec7bb9f3ba0265f797a249790687fc2bdac6228475b07679a909a1987,,107
455,ICD,Infectious Disease Centralized Database,0f8d72086495417918be29c9be9db7192bbb6d090bca840a11bc7ff056d69490,2032-12-09,22
456,OCDB,Oncology Clinical Database,bd7e1ea38744706af4e90bbba1033c126ce97bf00f9d66651f1222f72fb4ddac,2035-06-02,22
457,NADS,Neurological Anomaly Data System,fa2a87c76f276eb67c74f825c6e848d0ba710adcde88a7e22d6b38df8a591988,2033-01-09,76
458,IMMD,Immunological Medicine and Microbiome Database,a2505dda47899b503b42549b46f286900791ea7ecec6a9a42ccf6ebd7d27b2c0,,22
459,NDHA,Neurological Disorder Health Archives,68d0256a18043f523afc5624577af651b3419c5d74131d7e52f6c1364ef6a620,2033-01-12,216
460,CARENET,Collaborative Advanced Research for Enhanced Neurological Treatment,781e7c1144b9da47d4e84e1df713abdc0be4a04b7d7d95799cc94304a69192b1,2030-04-07,235
461,HRD,Health Records Depository,176f068d6919e6c5e543286bc00f27f55288880fe5baaef5c9a22bca13704e39,,233
462,OPHAMD,Ophthalmology Advanced Medical Database,ca4cdb7d667ea8891ab858ae97f203f5d13862bfe1563f6ce60a515ec20ff008,,60
463,PSYCHOHEALTH,Psychological Health Database,c82538701d3ad0f52cd27a3cf4401c7c42d1bd94e80eb1320991389337060ca5,2030-05-05,35
464,IMMUNET,Immunology Network for Enhanced Translational Research,cf25b07260e587f3d99446821a4973e76d8ecac68c41f08db9fc61639e6ffc03,,60
465,GENETIX,Genetic Data Indexing System,44fe982638e27f407961b5b83197a682a47af2dacaf4b139e135fa707e34176d,,157
466,IHDN,International Heart Disease Network,225c2aac21a13cd069a67f48bc320e80cd0820b9202a7dd8d43b6e0836fcf561,,149
467,PHARMADOC,Pharmaceutical Documentation Database,a7299cec079d0ed1799ab62f2a57c1623daf93805a7ab1c3e4c45c0579e2e832,2030-01-04,149
468,GIDA,Global Infectious Disease Archive,3e9a5b0d6fafda4c2f478ec48f04a21a8f3a7883661a6aac93dc93c844829750,,235
469,CVDAS,Cardiovascular Disease Analytics System,e305874d53c4e8221911b89e9daf3e46071809ea426b2e3d82699402700316c0,,197
470,AHDB,Advanced Human Disease Database,064e2f40cc425c6591e32a76b3a59910fc09367c8cf49938cc5bec8e5e6fa78a,2033-07-05,76
471,SADR,Substance Abuse Documentation Registry,4ebc534bb70af728964d408b7a303af76856c80341b681ec1ca6b9f7c337a425,2035-03-14,110
472,CANCERBASE,Cancer Patient Registry and Biobank Network,4558cc688ffb80ec2f3b0c85991bd59ceeb5b6ad8316f7338634214b72bacdc1,,60
473,MEDA,Medical Education Database,6b87c3798f1bd5db6d438c1813b5410f263280b30d47f4b8e5b9cf683d37ed4b,2033-07-14,235
474,NHCD,National Health Care Database,9389c6daa6b0e8cbb6909f02ba1662697982349fc78358be0235761ac8c53b85,,228
475,NEUROARCHIVE,Neurological Disorders Archive,dcad48eaba4eecc50e9df3d7ac1beab4bb75922ccbdaab0ca7a9eb6cb3082c00,2033-10-04,22
476,PHARMACOVIGILANCE,Pharmaceutical Safety Monitoring Database,08fa18107e4235221f87a107437c366cc030e7bfb9ac9a4ccc9b08d5b77971c6,,228
477,VIRDB,Viral Infection Research Database,5b002826bd7d4172874081f10982a344ed9201ea826fdb69ef5ee55fd72c42ed,,228
478,GHDS,Global Health Database System,da3eb0014c020232ba245bcdb7e6d2615cac2552b8fd5294840f7daf28572d4a,2033-08-14,157
479,IMMUNOLOG,Immunological Database of Genetic Variants and Outcomes,a317482ada51cacac50c033677af1a5d946d738ee75b563dedf22af065cd3aec,,22
480,GNAI,Global Nutrition and Allergy Index,6ae1fa374f188aa15ec9dd82ba002f96f540b9c87357a8fffaadb296af5e7790,,56
481,PANACEA,Pandemic Analysis & Control Epidemiological Archive,b738f66e606a707741b162e51397779d2b9d0a4d7e07b2f6009fc6a2c4249378,2033-08-22,82
482,BIOMEDAS,Biomedical Analytics Storage,4d56c0aaca4c9701e45257787eb366e5e158aa8ed3bccab1fba5011489d84a39,,178
483,CARDIOHEALTH,Cardiovascular Health Database,c1cad10685c2d71d547c3b45acfe7ed99b95def0def7196095f52c751a6c29a2,,107
484,OMDR,Oncology Medical Data Registry,fd476c3b33a18e567c74f725ad67f237ddd4bb31109013039405672f5fc932bc,2033-08-19,130
485,ODYSSEY,Oncology Data Yielding Systematic Scientific Evaluation,f03c423849cc30d8923fb3b48f582344b0d57e9b50bd6172052e32bdf3a64484,,235
486,RESPIR,Respiratory Health Tracking System,ddec411bcc9ad18e29dcd0ebcd3694e7a2f659319518db35786541dbbe2f02c1,2030-08-14,166
487,CLINICALNET,Comprehensive Longitudinal Information Network for Clinical Trials,bfbdc4c10123c97247136760c73bac32c2a6d499a075052f2de88fc2eba404df,,215
488,CARDNET,Cardiovascular Network Information Base,dba44921ccf359dd7a794055d51ca2dc0fca7f01de8be9c4f6f60a554ffa1e14,,15
489,DHMDB,Disease Histology Medical Database,a7bbd96406fdea07962a89bfe0f587b33fdc576a7cda30fce333bc920d44979f,2031-10-12,101
490,PATHOS,Pathology Histopathology Online System,7c0fa176c524fdde0c877e06bf4e85c33ded95e8dfabd165d27be95f3553602f,,107
491,OMNI,Oncology Medical Network Information,7c7eb7ddd6056801b39fa710cec9dabee0a5d024718a5705afb6810e3c3eea01,2032-05-19,235
492,CARMD,Cardiovascular Arterial Remodeling Medical Database,74eb92cfd02cbc5a69741b501e754126da0f9e59f682722a8f116f4a10a82f1c,2032-02-10,70
493,MEDR,Medical Education Resources Database,cdf6a62b99ef1c9f06eb8fff9213c0c617416800770d73bc1f38a259cfc23a5e,,215
494,ORDA,Orthopedic Research Data Archive,b89ec9ad6df2099f2d0020ab37d94cf21001cca86f8e8d6a235ae09d6bf5d0b5,2031-09-10,157
495,PATHOGEN,Pathogenic Organism Tracker for Global Epidemiology Network,73c253dcfdb07f9daed45b7ecef5a5de61161ddb0250e812e22ed4423293318f,2030-02-08,149
496,MID,Medical Information Database,9a815ca48625158d87c1a4c201975a2856ba3a091af0f337ff06ac08c14fd6c9,,228
497,ONCOLOGYARCHIVE,Oncology Information Repository,c1ac494380363381fcf70aa536b1d478a04fddc9c29742e596a52d8a75ebdae7,,178
498,NGMD,National Genomic Medicine Database,b4bd9d458dcbdca16db5b0bee83608053949e480bf6ce1fe1e01c32d535d8d5a,2035-06-05,149
499,PSYCHOLOGIX,Psychological Intervention Strategies & Outcomes Global Library of Experiences,44decb0421f53eb9bbe5722b35b4b6dad1552d33c60670a2333a192dbb85aee0,2034-10-27,130
500,PULSE,Public Universal Life Science Exchange,8342c16baada76e6303230135a69f4a261fac852bbfd4f0cc8edf9427c3273c7,2032-10-06,86